YTD ,Tüm gün gelen adetlerin slot yetişme oranları v1+v2+v3 (Planlamanın takip ettiği metot),,,,,,,Tüm gün gelen adetlerin Inbound geliş saatleri,,,,,,,,,,,,,,,,,,,,,,,,,
İzmir Torbalı SC,0. gün 1. slot oran,0. gün 2. slot oran ,0. gün 1. slot Adet,0. gün 2. slot adet,hesaplanan_adet,gonderi_adet,,İzmir Torbalı SC,23,0,1,2,3,4,5,6,7,8,9,10,11,12,13,14,15,16,17,18,19,20,21,22,total
,"60,31%","21,69%",8.322.405,2.993.551,13.798.649,13.957.626,,Total,1.427.579,486.956,748.057,1.000.965,1.238.471,1.838.832,1.142.124,767.028,1.002.794,1.147.977,581.501,305.015,134.621,145.225,273.739,140.559,164.065,142.228,186.776,95.537,90.925,220.678,335.081,181.916,13.798.649
Ankara Kazan SC,"69,47%","17,13%",2.335.127,575.871,3.361.151,2.608.672,,Ankara Kazan SC,409.251,247.935,335.479,293.606,83.172,34.768,46.020,97.410,89.512,378.973,203.655,55.834,33.922,42.118,115.023,58.778,76.031,99.045,141.887,59.363,48.703,61.633,222.002,127.031,3.361.151
Esenyurt SC ,"67,33%","17,96%",2.061.601,549.942,3.062.143,2.670.017,,Esenyurt SC ,443.207,101.065,294.370,339.270,171.217,99.993,273.366,281.518,198.348,119.639,79.705,95.798,49.666,61.559,79.491,43.645,78.689,27.005,22.833,13.061,19.413,103.917,26.458,38.910,3.062.143
Gebze SC,"61,29%","19,70%",1.282.754,412.394,2.092.897,1.927.431,,Gebze SC,316.492,72.918,94.760,200.505,218.436,208.096,147.436,34.553,92.602,109.495,178.844,77.606,38.442,30.209,71.726,38.136,7.528,16.178,16.052,12.004,13.739,31.891,49.274,15.975,2.092.897
İkitelli-Defne Transfer Merkezi,"39,17%","33,26%",649.866,551.815,1.659.163,1.642.762,,İkitelli-Defne Transfer Merkezi,149.715,38.438,7.892,12.744,52.159,291.465,276.266,92.466,117.043,365.107,92.829,62.051,8.961,11.339,7.499,0,0,0,0,11.109,9.070,15.663,37.347,0,1.659.163
Ayazağa Konsolidasyon Merkezi,"67,98%","14,93%",382.216,83.943,562.213,628.508,,Ayazağa Konsolidasyon Merkezi,0,0,0,15.794,81.699,346.124,96.814,8.247,4.446,0,9.089,0,0,0,0,0,0,0,0,0,0,0,0,0,562.213
Halkalı Konsolidasyon Merkezi,"59,43%","21,35%",362.325,130.168,609.652,704.526,,Halkalı Konsolidasyon Merkezi,0,0,0,13.842,79.168,348.996,68.064,57.878,22.865,18.839,0,0,0,0,0,0,0,0,0,0,0,0,0,0,609.652
Maltepe Konsolidasyon Merkezi,"80,20%","9,24%",562.196,64.785,701.028,927.720,,Maltepe Konsolidasyon Merkezi,0,0,4.442,111.534,402.796,145.173,30.071,5.027,0,1.985,0,0,0,0,0,0,0,0,0,0,0,0,0,0,701.028
Bursa MH,"62,73%","19,54%",443.209,138.086,706.560,772.619,,Bursa MH,59.486,22.345,0,7.151,72.296,308.082,163.498,53.874,15.342,0,0,0,0,0,0,0,0,0,0,0,0,4.486,0,0,706.560
Antalya MH,"13,39%","49,40%",36.136,133.329,269.921,838.947,,Antalya MH,0,2.048,5.422,1.457,16.736,12.484,1.436,8.049,156.615,52.449,6.292,5.116,0,0,0,0,1.817,0,0,0,0,0,0,0,269.921
Çayırova-Erguvan Transfer Merkezi,"42,73%","38,95%",162.608,148.233,380.568,382.492,,Çayırova-Erguvan Transfer Merkezi,49.428,0,0,5.062,40.876,26.943,37.293,116.641,74.450,17.153,0,0,3.630,0,0,0,0,0,6.004,0,0,3.088,0,0,380.568
Denizli MH,"11,28%","52,11%",44.368,204.985,393.354,853.932,,Denizli MH,0,2.208,5.692,0,19.916,16.708,1.860,11.365,231.571,84.337,11.087,8.610,0,0,0,0,0,0,0,0,0,0,0,0,393.354
,,,,,,,,%,"10,35%","3,53%","5,42%","7,25%","8,98%","13,33%","8,28%","5,56%","7,27%","8,32%","4,21%","2,21%","0,98%","1,05%","1,98%","1,02%","1,19%","1,03%","1,35%","0,69%","0,66%","1,60%","2,43%","1,32%",
,,,,,,,,,,,,,,,,,,,,,,,,,,,,,,,,,
Ocak,"65,17%","16,85%",1.592.490,411.723,2.443.541,2.755.545,,İzmir Torbalı SC,23,0,1,2,3,4,5,6,7,8,9,10,11,12,13,14,15,16,17,18,19,20,21,22,total
Ankara Kazan SC,"70,97%","15,94%",438.391,98.446,617.726,693.914,,Ankara Kazan SC,63.303,43.432,78.090,37.690,17.919,21.936,16.645,33.999,26.938,30.640,49.590,6.252,0,20.372,23.208,8.755,17.931,16.288,9.105,23.652,24.118,15.125,24.639,8.099,617.726
Esenyurt SC ,"71,21%","14,26%",435.337,87.205,611.364,634.673,,Esenyurt SC ,98.392,25.924,52.686,51.295,30.977,53.696,78.931,49.316,31.919,8.425,0,9.754,19.074,11.058,0,0,46.313,14.547,14.744,0,0,7.316,0,6.997,611.364
Gebze SC,"69,99%","10,63%",308.500,46.844,440.802,472.250,,Gebze SC,57.944,31.019,30.531,28.874,36.879,67.169,39.243,0,7.149,5.457,3.734,14.823,17.529,18.516,38.132,14.218,0,6.840,0,2.809,0,5.435,14.501,0,440.802
İkitelli-Defne Transfer Merkezi,"37,97%","32,11%",104.474,88.351,275.125,288.208,,İkitelli-Defne Transfer Merkezi,22.381,0,0,0,13.715,42.803,71.050,17.090,11.590,52.132,20.599,8.562,0,0,0,0,0,0,0,0,0,0,15.203,0,275.125
Ayazağa Konsolidasyon Merkezi,"65,75%","14,56%",67.956,15.044,103.350,110.134,,Ayazağa Konsolidasyon Merkezi,0,0,0,0,19.973,73.902,4.682,4.793,0,0,0,0,0,0,0,0,0,0,0,0,0,0,0,0,103.350
Halkalı Konsolidasyon Merkezi,"59,87%","19,98%",64.818,21.626,108.259,113.948,,Halkalı Konsolidasyon Merkezi,0,0,0,0,11.307,70.801,10.643,9.556,5.952,0,0,0,0,0,0,0,0,0,0,0,0,0,0,0,108.259
Maltepe Konsolidasyon Merkezi,"79,67%","8,54%",85.563,9.175,107.400,151.098,,Maltepe Konsolidasyon Merkezi,0,0,0,0,84.024,23.376,0,0,0,0,0,0,0,0,0,0,0,0,0,0,0,0,0,0,107.400
Bursa MH,"62,18%","17,06%",81.905,22.467,131.713,142.629,,Bursa MH,4.069,7.320,0,0,18.536,52.010,41.214,8.564,0,0,0,0,0,0,0,0,0,0,0,0,0,0,0,0,131.713
Antalya MH,"11,60%","47,21%",5.546,22.565,47.802,148.691,,Antalya MH,0,0,0,0,0,3.533,1.436,3.242,17.942,13.186,1.530,5.116,0,0,0,0,1.817,0,0,0,0,0,0,0,47.802
Çayırova-Erguvan Transfer Merkezi,"0,00%","0,00%",0,0,0,0,,Çayırova-Erguvan Transfer Merkezi,0,0,0,0,0,0,0,0,0,0,0,0,0,0,0,0,0,0,0,0,0,0,0,0,0
Denizli MH,"7,82%","50,81%",5.642,36.682,72.192,151.233,,Denizli MH,0,0,0,0,0,4.568,1.860,4.885,28.572,21.111,2.586,8.610,0,0,0,0,0,0,0,0,0,0,0,0,2.443.541
,,,,,,,,Total,246.089,107.695,161.307,117.859,233.330,413.794,265.704,131.445,130.062,130.951,78.039,53.117,36.603,49.946,61.340,22.973,66.061,37.675,23.849,26.461,24.118,27.876,54.343,15.096,4.887.082
2,"61,54%","16,44%",362.504,96.822,589.093,668.612,,%,"5,04%","2,20%","3,30%","2,41%","4,77%","8,47%","5,44%","2,69%","2,66%","2,68%","1,60%","1,09%","0,75%","1,02%","1,26%","0,47%","1,35%","0,77%","0,49%","0,54%","0,49%","0,57%","1,11%","0,31%",
Ankara Kazan SC,"62,63%","19,72%",93.559,29.452,149.374,166.540,,,,,,,,,,,,,,,,,,,,,,,,,,,
Esenyurt SC ,"78,11%","10,95%",118.651,16.641,151.909,158.600,,,,,,,,,,,,,,,,,,,,,,,,,,,
Gebze SC,"54,58%","6,33%",55.079,6.391,100.923,111.368,,,,,,,,,,,,,,,,,,,,,,,,,,,
İkitelli-Defne Transfer Merkezi,"37,47%","30,44%",26.161,21.251,69.817,72.696,,,,,,,,,,,,,,,,,,,,,,,,,,,
Ayazağa Konsolidasyon Merkezi,"61,33%","16,56%",16.772,4.529,27.346,28.969,,,,,,,,,,,,,,,,,,,,,,,,,,,
Halkalı Konsolidasyon Merkezi,"67,88%","15,18%",15.237,3.408,22.448,23.270,,,,,,,,,,,,,,,,,,,,,,,,,,,
Maltepe Konsolidasyon Merkezi,"87,52%","4,49%",19.177,983,21.911,29.811,,,,,,,,,,,,,,,,,,,,,,,,,,,
Bursa MH,"51,85%","23,46%",16.887,7.641,32.566,35.113,,,,,,,,,,,,,,,,,,,,,,,,,,,
Antalya MH,"7,66%","50,99%",981,6.526,12.799,42.245,,,,,,,,,,,,,,,,,,,,,,,,,,,
Çayırova-Erguvan Transfer Merkezi,"0,00%","0,00%",0,0,0,0,,,,,,,,,,,,,,,,,,,,,,,,,,,
Denizli MH,"9,17%","53,42%",1.866,10.865,20.340,42.245,,,,,,,,,,,,,,,,,,,,,,,,,,,
3,"67,81%","14,41%",433.316,92.063,639.005,728.831,,,,,,,,,,,,,,,,,,,,,,,,,,,
Ankara Kazan SC,"73,40%","13,98%",108.950,20.753,148.434,173.571,,,,,,,,,,,,,,,,,,,,,,,,,,,
Esenyurt SC ,"74,23%","10,79%",122.759,17.846,165.382,171.365,,,,,,,,,,,,,,,,,,,,,,,,,,,
Gebze SC,"73,29%","10,07%",90.693,12.466,123.746,132.154,,,,,,,,,,,,,,,,,,,,,,,,,,,
İkitelli-Defne Transfer Merkezi,"38,68%","29,45%",28.269,21.519,73.081,77.427,,,,,,,,,,,,,,,,,,,,,,,,,,,
Ayazağa Konsolidasyon Merkezi,"71,11%","10,81%",19.222,2.923,27.030,28.471,,,,,,,,,,,,,,,,,,,,,,,,,,,
Halkalı Konsolidasyon Merkezi,"69,96%","12,19%",20.210,3.522,28.887,31.014,,,,,,,,,,,,,,,,,,,,,,,,,,,
Maltepe Konsolidasyon Merkezi,"77,92%","8,92%",19.960,2.286,25.617,40.112,,,,,,,,,,,,,,,,,,,,,,,,,,,
Bursa MH,"63,07%","15,84%",21.818,5.479,34.592,37.478,,,,,,,,,,,,,,,,,,,,,,,,,,,
Antalya MH,"11,73%","43,06%",1.435,5.269,12.236,37.239,,,,,,,,,,,,,,,,,,,,,,,,,,,
Çayırova-Erguvan Transfer Merkezi,"0,00%","0,00%",0,0,0,0,,,,,,,,,,,,,,,,,,,,,,,,,,,
Denizli MH,"9,73%","44,21%",1.888,8.576,19.399,40.321,,,,,,,,,,,,,,,,,,,,,,,,,,,
4,"60,86%","20,08%",378.261,124.795,621.538,697.530,,,,,,,,,,,,,,,,,,,,,,,,,,,
Ankara Kazan SC,"72,73%","14,66%",120.587,24.304,165.798,183.519,,,,,,,,,,,,,,,,,,,,,,,,,,,
Esenyurt SC ,"64,51%","16,84%",97.850,25.551,151.688,156.548,,,,,,,,,,,,,,,,,,,,,,,,,,,
Gebze SC,"67,28%","16,96%",73.402,18.504,109.099,115.488,,,,,,,,,,,,,,,,,,,,,,,,,,,
İkitelli-Defne Transfer Merkezi,"30,92%","39,08%",21.135,26.709,68.345,71.298,,,,,,,,,,,,,,,,,,,,,,,,,,,
Ayazağa Konsolidasyon Merkezi,"64,19%","14,18%",15.902,3.514,24.774,26.477,,,,,,,,,,,,,,,,,,,,,,,,,,,
Halkalı Konsolidasyon Merkezi,"26,20%","41,41%",7.532,11.905,28.748,30.076,,,,,,,,,,,,,,,,,,,,,,,,,,,
Maltepe Konsolidasyon Merkezi,"71,17%","12,04%",19.911,3.369,27.978,39.878,,,,,,,,,,,,,,,,,,,,,,,,,,,
Bursa MH,"62,43%","14,95%",20.988,5.025,33.619,36.373,,,,,,,,,,,,,,,,,,,,,,,,,,,
Antalya MH,"8,30%","51,48%",954,5.914,11.489,37.873,,,,,,,,,,,,,,,,,,,,,,,,,,,
Çayırova-Erguvan Transfer Merkezi,"0,00%","0,00%",0,0,0,0,,,,,,,,,,,,,,,,,,,,,,,,,,,
Denizli MH,"7,53%","54,41%",1.354,9.789,17.992,37.873,,,,,,,,,,,,,,,,,,,,,,,,,,,
5,"71,44%","15,99%",416.233,93.187,582.627,629.238,,,,,,,,,,,,,,,,,,,,,,,,,,,
Ankara Kazan SC,"74,81%","15,53%",115.295,23.937,154.120,170.284,,,,,,,,,,,,,,,,,,,,,,,,,,,
Esenyurt SC ,"67,48%","19,08%",96.077,27.167,142.385,148.160,,,,,,,,,,,,,,,,,,,,,,,,,,,
Gebze SC,"83,46%","8,86%",89.326,9.483,107.034,113.240,,,,,,,,,,,,,,,,,,,,,,,,,,,
İkitelli-Defne Transfer Merkezi,"45,25%","29,54%",28.909,18.872,63.882,66.787,,,,,,,,,,,,,,,,,,,,,,,,,,,
Ayazağa Konsolidasyon Merkezi,"66,36%","16,85%",16.060,4.078,24.200,26.217,,,,,,,,,,,,,,,,,,,,,,,,,,,
Halkalı Konsolidasyon Merkezi,"77,51%","9,91%",21.839,2.791,28.176,29.588,,,,,,,,,,,,,,,,,,,,,,,,,,,
Maltepe Konsolidasyon Merkezi,"83,13%","7,95%",26.515,2.537,31.894,41.297,,,,,,,,,,,,,,,,,,,,,,,,,,,
Bursa MH,"71,80%","13,97%",22.212,4.322,30.936,33.665,,,,,,,,,,,,,,,,,,,,,,,,,,,
Antalya MH,"19,29%","43,06%",2.176,4.856,11.278,31.334,,,,,,,,,,,,,,,,,,,,,,,,,,,
Çayırova-Erguvan Transfer Merkezi,"0,00%","0,00%",0,0,0,0,,,,,,,,,,,,,,,,,,,,,,,,,,,
Denizli MH,"3,69%","51,53%",534,7.452,14.461,30.794,,,,,,,,,,,,,,,,,,,,,,,,,,,
,,,,,,,,,,,,,,,,,,,,,,,,,,,,,,,,,
Şubat,"60,29%","22,84%",1.602.280,607.087,2.657.618,3.156.208,,İzmir Torbalı SC,23,0,1,2,3,4,5,6,7,8,9,10,11,12,13,14,15,16,17,18,19,20,21,22,total
Ankara Kazan SC,"72,14%","16,00%",469.033,104.002,650.160,727.007,,Ankara Kazan SC,49.740,70.614,54.259,72.841,12.164,1.105,16.270,19.941,2.479,64.728,37.718,27.590,4.604,0,37.977,22.971,0,11.070,53.606,8.765,0,10.059,44.513,27.146,650.160
Esenyurt SC ,"66,66%","19,92%",383.921,114.734,575.922,618.749,,Esenyurt SC ,81.570,10.154,63.565,87.784,8.641,9.873,68.685,38.566,52.422,1.849,33.374,23.250,8.162,19.843,23.478,10.490,9.164,0,0,0,4.584,12.434,0,8.034,575.922
Gebze SC,"59,03%","23,38%",264.409,104.739,447.927,481.057,,Gebze SC,74.659,0,15.428,31.629,53.697,33.695,26.953,13.255,23.866,17.185,51.292,25.197,15.650,0,10.733,8.896,0,3.390,12.233,2.539,5.537,0,11.054,11.039,447.927
İkitelli-Defne Transfer Merkezi,"37,05%","35,77%",125.727,121.394,339.334,354.352,,İkitelli-Defne Transfer Merkezi,37.123,0,0,0,15.961,69.663,43.025,10.872,24.367,75.615,38.003,7.431,0,8.204,0,0,0,0,0,0,9.070,0,0,0,339.334
Ayazağa Konsolidasyon Merkezi,"66,85%","16,46%",76.602,18.864,114.591,124.701,,Ayazağa Konsolidasyon Merkezi,0,0,0,0,9.482,69.462,32.967,2.680,0,0,0,0,0,0,0,0,0,0,0,0,0,0,0,0,114.591
Halkalı Konsolidasyon Merkezi,"71,95%","14,30%",82.315,16.362,114.403,145.313,,Halkalı Konsolidasyon Merkezi,0,0,0,0,32.563,76.711,0,5.129,0,0,0,0,0,0,0,0,0,0,0,0,0,0,0,0,114.403
Maltepe Konsolidasyon Merkezi,"82,62%","8,67%",114.131,11.971,138.132,206.924,,Maltepe Konsolidasyon Merkezi,0,0,0,7.176,105.495,25.461,0,0,0,0,0,0,0,0,0,0,0,0,0,0,0,0,0,0,138.132
Bursa MH,"48,98%","29,14%",64.766,38.522,132.217,150.737,,Bursa MH,15.455,0,0,1.223,7.237,36.348,37.469,19.143,15.342,0,0,0,0,0,0,0,0,0,0,0,0,0,0,0,132.217
Antalya MH,"10,37%","53,93%",5.320,27.675,51.318,166.121,,Antalya MH,0,0,0,0,1.361,5.195,0,0,30.826,9.174,4.762,0,0,0,0,0,0,0,0,0,0,0,0,0,51.318
Çayırova-Erguvan Transfer Merkezi,"58,43%","30,15%",8.525,4.399,14.589,15.126,,Çayırova-Erguvan Transfer Merkezi,0,0,0,0,4.106,3.589,0,3.076,0,3.818,0,0,0,0,0,0,0,0,0,0,0,0,0,0,14.589
Denizli MH,"9,53%","56,22%",7.531,44.425,79.025,166.121,,Denizli MH,0,0,0,0,2.026,6.906,0,0,47.207,14.385,8.501,0,0,0,0,0,0,0,0,0,0,0,0,0,79.025
,,,,,,,,Total,258.570,80.768,133.253,200.655,250.710,331.106,225.374,112.668,149.309,172.377,165.158,83.478,28.427,28.059,72.201,42.371,9.179,14.476,65.856,11.322,19.210,22.513,55.588,46.241,2.578.593
,,,,,,,,%,"10,03%","3,13%","5,17%","7,78%","9,72%","12,84%","8,74%","4,37%","5,79%","6,68%","6,40%","3,24%","1,10%","1,09%","2,80%","1,64%","0,36%","0,56%","2,55%","0,44%","0,74%","0,87%","2,16%","1,79%",
6,"64,99%","17,24%",394.640,104.707,607.237,716.039,,,,,,,,,,,,,,,,,,,,,,,,,,,
Ankara Kazan SC,"67,81%","18,34%",105.516,28.544,155.607,177.504,,,,,,,,,,,,,,,,,,,,,,,,,,,
Esenyurt SC ,"73,73%","11,41%",93.852,14.527,127.299,151.514,,,,,,,,,,,,,,,,,,,,,,,,,,,
Gebze SC,"68,36%","17,43%",75.790,19.327,110.871,120.453,,,,,,,,,,,,,,,,,,,,,,,,,,,
İkitelli-Defne Transfer Merkezi,"33,91%","28,87%",26.428,22.501,77.938,83.343,,,,,,,,,,,,,,,,,,,,,,,,,,,
Ayazağa Konsolidasyon Merkezi,"63,31%","16,04%",17.167,4.349,27.116,31.639,,,,,,,,,,,,,,,,,,,,,,,,,,,
Halkalı Konsolidasyon Merkezi,"85,06%","6,02%",26.081,1.845,30.663,32.396,,,,,,,,,,,,,,,,,,,,,,,,,,,
Maltepe Konsolidasyon Merkezi,"84,84%","6,14%",32.729,2.369,38.578,43.146,,,,,,,,,,,,,,,,,,,,,,,,,,,
Bursa MH,"59,32%","19,39%",15.854,5.181,26.725,36.525,,,,,,,,,,,,,,,,,,,,,,,,,,,
Antalya MH,"9,83%","48,75%",1.223,6.064,12.440,39.519,,,,,,,,,,,,,,,,,,,,,,,,,,,
Çayırova-Erguvan Transfer Merkezi,"0,00%","0,00%",0,0,0,0,,,,,,,,,,,,,,,,,,,,,,,,,,,
Denizli MH,"9,60%","49,51%",1.797,9.271,18.725,39.519,,,,,,,,,,,,,,,,,,,,,,,,,,,
7,"59,72%","22,79%",424.325,161.912,710.559,790.145,,,,,,,,,,,,,,,,,,,,,,,,,,,
Ankara Kazan SC,"76,44%","14,01%",141.082,25.859,184.557,201.330,,,,,,,,,,,,,,,,,,,,,,,,,,,
Esenyurt SC ,"61,41%","22,78%",100.892,37.418,164.289,170.273,,,,,,,,,,,,,,,,,,,,,,,,,,,
Gebze SC,"56,84%","21,62%",67.610,25.711,118.947,125.245,,,,,,,,,,,,,,,,,,,,,,,,,,,
İkitelli-Defne Transfer Merkezi,"33,52%","40,14%",32.649,39.098,97.409,100.765,,,,,,,,,,,,,,,,,,,,,,,,,,,
Ayazağa Konsolidasyon Merkezi,"66,07%","15,76%",20.167,4.810,30.523,32.443,,,,,,,,,,,,,,,,,,,,,,,,,,,
Halkalı Konsolidasyon Merkezi,"64,30%","18,41%",19.545,5.597,30.398,31.709,,,,,,,,,,,,,,,,,,,,,,,,,,,
Maltepe Konsolidasyon Merkezi,"71,43%","16,08%",23.479,5.284,32.870,43.169,,,,,,,,,,,,,,,,,,,,,,,,,,,
Bursa MH,"46,72%","28,48%",17.622,10.741,37.717,40.833,,,,,,,,,,,,,,,,,,,,,,,,,,,
Antalya MH,"9,24%","53,39%",1.279,7.394,13.849,44.378,,,,,,,,,,,,,,,,,,,,,,,,,,,
Çayırova-Erguvan Transfer Merkezi,"42,60%","41,70%",4.466,4.371,10.483,10.572,,,,,,,,,,,,,,,,,,,,,,,,,,,
Denizli MH,"7,57%","56,93%",1.596,12.009,21.096,44.378,,,,,,,,,,,,,,,,,,,,,,,,,,,
8,"62,70%","22,32%",384.098,136.718,612.637,755.864,,,,,,,,,,,,,,,,,,,,,,,,,,,
Ankara Kazan SC,"74,09%","12,45%",114.789,19.297,154.937,177.838,,,,,,,,,,,,,,,,,,,,,,,,,,,
Esenyurt SC ,"68,30%","20,91%",92.536,28.332,135.476,142.060,,,,,,,,,,,,,,,,,,,,,,,,,,,
Gebze SC,"57,39%","26,95%",59.560,27.972,103.776,111.623,,,,,,,,,,,,,,,,,,,,,,,,,,,
İkitelli-Defne Transfer Merkezi,"41,94%","36,06%",35.695,30.686,85.104,88.750,,,,,,,,,,,,,,,,,,,,,,,,,,,
Ayazağa Konsolidasyon Merkezi,"66,97%","18,14%",18.934,5.130,28.274,30.074,,,,,,,,,,,,,,,,,,,,,,,,,,,
Halkalı Konsolidasyon Merkezi,"58,27%","23,45%",15.551,6.257,26.686,53.310,,,,,,,,,,,,,,,,,,,,,,,,,,,
Maltepe Konsolidasyon Merkezi,"84,61%","7,51%",27.591,2.450,32.608,75.243,,,,,,,,,,,,,,,,,,,,,,,,,,,
Bursa MH,"53,41%","28,84%",18.073,9.758,33.839,36.710,,,,,,,,,,,,,,,,,,,,,,,,,,,
Antalya MH,"11,47%","57,27%",1.369,6.836,11.937,40.256,,,,,,,,,,,,,,,,,,,,,,,,,,,
Çayırova-Erguvan Transfer Merkezi,"98,86%","0,68%",4.059,28,4.106,4.554,,,,,,,,,,,,,,,,,,,,,,,,,,,
Denizli MH,"10,31%","59,72%",2.014,11.664,19.531,40.256,,,,,,,,,,,,,,,,,,,,,,,,,,,
9,"61,52%","23,78%",381.712,147.545,620.479,670.945,,,,,,,,,,,,,,,,,,,,,,,,,,,
Ankara Kazan SC,"69,42%","19,54%",107.646,30.302,155.059,170.335,,,,,,,,,,,,,,,,,,,,,,,,,,,
Esenyurt SC ,"64,92%","23,15%",96.641,34.457,148.858,154.902,,,,,,,,,,,,,,,,,,,,,,,,,,,
Gebze SC,"53,75%","27,75%",61.449,31.729,114.333,123.736,,,,,,,,,,,,,,,,,,,,,,,,,,,
İkitelli-Defne Transfer Merkezi,"39,24%","36,90%",30.955,29.109,78.883,81.494,,,,,,,,,,,,,,,,,,,,,,,,,,,
Ayazağa Konsolidasyon Merkezi,"70,90%","15,95%",20.334,4.575,28.678,30.545,,,,,,,,,,,,,,,,,,,,,,,,,,,
Halkalı Konsolidasyon Merkezi,"79,30%","9,99%",21.138,2.663,26.656,27.898,,,,,,,,,,,,,,,,,,,,,,,,,,,
Maltepe Konsolidasyon Merkezi,"89,01%","5,48%",30.332,1.868,34.076,45.366,,,,,,,,,,,,,,,,,,,,,,,,,,,
Bursa MH,"38,95%","37,84%",13.217,12.842,33.936,36.669,,,,,,,,,,,,,,,,,,,,,,,,,,,
Antalya MH,"11,07%","56,38%",1.449,7.381,13.092,41.968,,,,,,,,,,,,,,,,,,,,,,,,,,,
Çayırova-Erguvan Transfer Merkezi,"0,00%","0,00%",0,0,0,0,,,,,,,,,,,,,,,,,,,,,,,,,,,
Denizli MH,"10,80%","58,36%",2.124,11.481,19.673,41.968,,,,,,,,,,,,,,,,,,,,,,,,,,,
,,,,,,,,,,,,,,,,,,,,,,,,,,,,,,,,,
Mart,"58,21%","23,02%",1.800.131,711.879,3.092.451,3.590.763,,İzmir Torbalı SC,23,0,1,2,3,4,5,6,7,8,9,10,11,12,13,14,15,16,17,18,19,20,21,22,total
Ankara Kazan SC,"68,37%","17,23%",511.597,128.947,748.310,828.319,,Ankara Kazan SC,98.277,59.732,46.395,70.944,25.307,2.803,6.643,15.245,20.459,70.029,54.564,8.867,29.318,12.825,43.509,19.086,3.674,37.592,34.057,7.015,15.367,0,13.339,53.263,748.310
Esenyurt SC ,"67,16%","18,95%",472.705,133.340,703.823,735.057,,Esenyurt SC ,81.570,10.154,63.565,87.784,8.641,9.873,68.685,38.566,52.422,1.849,33.374,23.250,8.162,19.843,23.478,10.490,9.164,0,0,0,4.584,12.434,0,8.034,575.922
Gebze SC,"55,88%","23,20%",240.598,99.871,430.541,462.626,,Gebze SC,80.577,14.261,16.907,32.927,43.317,42.356,31.617,0,4.928,24.500,71.589,29.030,0,11.693,6.178,2.188,0,0,2.470,0,0,3.726,7.341,4.936,430.541
İkitelli-Defne Transfer Merkezi,"40,00%","31,31%",151.511,118.605,378.804,402.621,,İkitelli-Defne Transfer Merkezi,34.160,19.542,0,0,15.896,64.074,22.922,37.946,15.880,94.700,11.434,16.958,8.961,3.135,0,0,0,0,0,5.730,0,5.322,22.144,0,378.804
Ayazağa Konsolidasyon Merkezi,"67,79%","15,39%",78.033,17.709,115.105,136.131,,Ayazağa Konsolidasyon Merkezi,0,0,0,5.154,26.779,58.646,19.306,774,4.446,0,0,0,0,0,0,0,0,0,0,0,0,0,0,0,115.105
Halkalı Konsolidasyon Merkezi,"52,27%","25,93%",76.506,37.954,146.362,167.058,,Halkalı Konsolidasyon Merkezi,0,0,0,13.842,6.315,72.727,23.003,6.038,16.913,7.524,0,0,0,0,0,0,0,0,0,0,0,0,0,0,146.362
Maltepe Konsolidasyon Merkezi,"77,13%","10,60%",113.670,15.615,147.368,203.864,,Maltepe Konsolidasyon Merkezi,0,0,0,27.142,80.445,29.411,8.385,0,0,1.985,0,0,0,0,0,0,0,0,0,0,0,0,0,0,147.368
Bursa MH,"53,61%","25,22%",87.072,40.963,162.425,176.454,,Bursa MH,13.292,8.037,0,0,4.074,56.768,54.087,26.167,0,0,0,0,0,0,0,0,0,0,0,0,0,0,0,0,162.425
Antalya MH,"14,47%","50,05%",8.056,27.862,55.673,177.054,,Antalya MH,0,0,2.630,1.457,5.946,0,0,2.470,33.397,9.773,0,0,0,0,0,0,0,0,0,0,0,0,0,0,55.673
Çayırova-Erguvan Transfer Merkezi,"42,94%","38,30%",51.114,45.586,119.035,124.216,,Çayırova-Erguvan Transfer Merkezi,14.846,0,0,0,5.084,10.477,20.676,35.575,25.729,6.648,0,0,0,0,0,0,0,0,0,0,0,0,0,0,119.035
Denizli MH,"10,91%","53,44%",9.270,45.427,85.006,177.363,,Denizli MH,0,0,2.772,0,6.950,1.236,0,4.014,52.527,17.507,0,0,0,0,0,0,0,0,0,0,0,0,0,0,85.006
,,,,,,,,Total,322.745,111.725,129.498,239.252,221.807,347.139,255.329,162.787,174.181,217.016,170.970,78.115,46.452,47.508,73.178,31.778,12.853,37.608,36.544,12.763,19.970,21.502,42.845,66.255,2.879.544
10,"57,87%","24,07%",418.497,174.082,723.172,802.924,,%,"11,21%","3,88%","4,50%","8,31%","7,70%","12,06%","8,87%","5,65%","6,05%","7,54%","5,94%","2,71%","1,61%","1,65%","2,54%","1,10%","0,45%","1,31%","1,27%","0,44%","0,69%","0,75%","1,49%","2,30%",
Ankara Kazan SC,"65,95%","19,82%",126.565,38.038,191.925,208.254,,,,,,,,,,,,,,,,,,,,,,,,,,,
Esenyurt SC ,"62,69%","21,32%",109.666,37.288,174.920,180.527,,,,,,,,,,,,,,,,,,,,,,,,,,,
Gebze SC,"54,38%","26,75%",56.922,28.003,104.666,110.448,,,,,,,,,,,,,,,,,,,,,,,,,,,
İkitelli-Defne Transfer Merkezi,"33,21%","39,37%",30.619,36.293,92.189,95.396,,,,,,,,,,,,,,,,,,,,,,,,,,,
Ayazağa Konsolidasyon Merkezi,"71,16%","11,87%",23.149,3.861,32.533,34.172,,,,,,,,,,,,,,,,,,,,,,,,,,,
Halkalı Konsolidasyon Merkezi,"46,07%","29,65%",15.962,10.274,34.651,35.909,,,,,,,,,,,,,,,,,,,,,,,,,,,
Maltepe Konsolidasyon Merkezi,"88,15%","4,97%",32.851,1.851,37.269,49.083,,,,,,,,,,,,,,,,,,,,,,,,,,,
Bursa MH,"51,65%","26,79%",21.225,11.007,41.092,43.998,,,,,,,,,,,,,,,,,,,,,,,,,,,
Antalya MH,"11,04%","53,62%",1.538,7.467,13.927,45.137,,,,,,,,,,,,,,,,,,,,,,,,,,,
Çayırova-Erguvan Transfer Merkezi,"55,54%","29,62%",15.135,8.071,27.251,27.829,,,,,,,,,,,,,,,,,,,,,,,,,,,
Denizli MH,"9,53%","55,11%",2.078,12.020,21.810,45.137,,,,,,,,,,,,,,,,,,,,,,,,,,,
11,"63,10%","19,08%",496.992,150.299,787.611,898.295,,,,,,,,,,,,,,,,,,,,,,,,,,,
Ankara Kazan SC,"71,72%","14,44%",147.696,29.727,205.932,227.648,,,,,,,,,,,,,,,,,,,,,,,,,,,
Esenyurt SC ,"71,75%","17,00%",141.628,33.551,197.385,203.918,,,,,,,,,,,,,,,,,,,,,,,,,,,
Gebze SC,"63,03%","17,94%",69.489,19.777,110.244,120.529,,,,,,,,,,,,,,,,,,,,,,,,,,,
İkitelli-Defne Transfer Merkezi,"40,04%","27,14%",42.984,29.134,107.343,111.216,,,,,,,,,,,,,,,,,,,,,,,,,,,
Ayazağa Konsolidasyon Merkezi,"70,21%","14,62%",19.243,4.008,27.406,35.484,,,,,,,,,,,,,,,,,,,,,,,,,,,
Halkalı Konsolidasyon Merkezi,"54,32%","25,17%",20.302,9.407,37.373,46.519,,,,,,,,,,,,,,,,,,,,,,,,,,,
Maltepe Konsolidasyon Merkezi,"74,89%","11,96%",31.086,4.964,41.509,55.207,,,,,,,,,,,,,,,,,,,,,,,,,,,
Bursa MH,"50,33%","26,25%",22.652,11.816,45.005,48.821,,,,,,,,,,,,,,,,,,,,,,,,,,,
Antalya MH,"12,40%","51,35%",1.912,7.915,15.414,48.953,,,,,,,,,,,,,,,,,,,,,,,,,,,
Çayırova-Erguvan Transfer Merkezi,"42,47%","39,93%",14.827,13.940,34.913,36.006,,,,,,,,,,,,,,,,,,,,,,,,,,,
Denizli MH,"9,56%","55,03%",2.129,12.259,22.278,48.953,,,,,,,,,,,,,,,,,,,,,,,,,,,
12,"65,81%","17,85%",300.026,81.378,455.874,515.270,,,,,,,,,,,,,,,,,,,,,,,,,,,
Ankara Kazan SC,"79,13%","11,93%",82.688,12.466,104.498,117.724,,,,,,,,,,,,,,,,,,,,,,,,,,,
Esenyurt SC ,"72,98%","13,28%",81.990,14.921,112.348,116.447,,,,,,,,,,,,,,,,,,,,,,,,,,,
Gebze SC,"58,08%","19,35%",44.459,14.812,76.549,82.601,,,,,,,,,,,,,,,,,,,,,,,,,,,
İkitelli-Defne Transfer Merkezi,"52,65%","26,15%",31.032,15.412,58.942,61.382,,,,,,,,,,,,,,,,,,,,,,,,,,,
Ayazağa Konsolidasyon Merkezi,"64,34%","17,53%",12.152,3.311,18.888,22.157,,,,,,,,,,,,,,,,,,,,,,,,,,,
Halkalı Konsolidasyon Merkezi,"50,97%","28,39%",13.449,7.490,26.387,29.266,,,,,,,,,,,,,,,,,,,,,,,,,,,
Maltepe Konsolidasyon Merkezi,"69,36%","14,23%",16.477,3.381,23.755,31.874,,,,,,,,,,,,,,,,,,,,,,,,,,,
Bursa MH,"54,86%","25,55%",14.809,6.896,26.992,29.792,,,,,,,,,,,,,,,,,,,,,,,,,,,
Antalya MH,"39,52%","35,78%",2.970,2.689,7.515,24.027,,,,,,,,,,,,,,,,,,,,,,,,,,,
Çayırova-Erguvan Transfer Merkezi,"33,46%","36,39%",7.079,7.700,21.158,21.586,,,,,,,,,,,,,,,,,,,,,,,,,,,
Denizli MH,"19,24%","51,32%",2.196,5.857,11.413,22.775,,,,,,,,,,,,,,,,,,,,,,,,,,,
13,"55,11%","24,75%",375.474,168.665,681.341,753.270,,,,,,,,,,,,,,,,,,,,,,,,,,,
Ankara Kazan SC,"64,23%","20,96%",121.666,39.708,189.431,209.521,,,,,,,,,,,,,,,,,,,,,,,,,,,
Esenyurt SC ,"60,32%","24,28%",93.310,37.569,154.701,160.891,,,,,,,,,,,,,,,,,,,,,,,,,,,
Gebze SC,"40,87%","31,99%",42.287,33.105,103.477,111.072,,,,,,,,,,,,,,,,,,,,,,,,,,,
İkitelli-Defne Transfer Merkezi,"32,15%","34,16%",29.289,31.125,91.106,94.519,,,,,,,,,,,,,,,,,,,,,,,,,,,
Ayazağa Konsolidasyon Merkezi,"70,20%","14,19%",20.029,4.048,28.533,35.877,,,,,,,,,,,,,,,,,,,,,,,,,,,
Halkalı Konsolidasyon Merkezi,"53,68%","23,86%",21.570,9.590,40.186,46.450,,,,,,,,,,,,,,,,,,,,,,,,,,,
Maltepe Konsolidasyon Merkezi,"73,03%","12,36%",27.263,4.615,37.330,55.058,,,,,,,,,,,,,,,,,,,,,,,,,,,
Bursa MH,"54,84%","24,35%",20.061,8.905,36.578,39.882,,,,,,,,,,,,,,,,,,,,,,,,,,,
Antalya MH,"0,01%","57,79%",1,8.173,14.143,43.604,,,,,,,,,,,,,,,,,,,,,,,,,,,
Çayırova-Erguvan Transfer Merkezi,"18,69%","59,75%",4.966,15.873,26.566,29.472,,,,,,,,,,,,,,,,,,,,,,,,,,,
Denizli MH,"3,91%","53,77%",858,11.793,21.934,45.165,,,,,,,,,,,,,,,,,,,,,,,,,,,
,,,,,,,,,,,,,,,,,,,,,,,,,,,,,,,,,
Nisan,"59,32%","24,45%",1.707.230,703.508,2.877.839,3.383.229,,İzmir Torbalı SC,23,0,1,2,3,4,5,6,7,8,9,10,11,12,13,14,15,16,17,18,19,20,21,22,total
Ankara Kazan SC,"68,91%","19,25%",485.604,135.664,704.665,779.627,,Ankara Kazan SC,96.862,50.672,76.584,60.447,15.017,8.924,0,19.935,31.697,94.565,35.419,13.125,0,0,10.329,0,28.350,16.110,37.363,7.188,0,25.117,60.949,16.012,704.665
Esenyurt SC ,"64,45%","21,85%",365.130,123.773,566.545,593.499,,Esenyurt SC ,83.542,0,80.066,66.401,58.650,0,46.020,24.081,81.703,37.686,0,22.021,14.444,9.648,0,2.037,0,0,0,6.969,5.306,21.307,6.664,0,566.545
Gebze SC,"61,59%","22,70%",235.346,86.733,382.147,412.552,,Gebze SC,42.837,12.104,22.076,64.032,44.177,24.634,37.352,13.627,29.219,21.206,26.523,4.548,0,0,0,8.028,7.528,0,1.349,1.443,3.918,17.546,0,0,382.147
İkitelli-Defne Transfer Merkezi,"39,07%","36,12%",140.517,129.908,359.636,382.550,,İkitelli-Defne Transfer Merkezi,33.799,0,0,0,6.587,65.739,81.580,7.381,37.969,91.191,19.670,0,0,0,0,0,0,0,0,5.379,0,10.341,0,0,359.636
Ayazağa Konsolidasyon Merkezi,"67,70%","15,53%",89.059,20.434,131.556,154.965,,Ayazağa Konsolidasyon Merkezi,0,0,0,10.640,3.405,82.973,25.449,0,0,0,9.089,0,0,0,0,0,0,0,0,0,0,0,0,0,131.556
Halkalı Konsolidasyon Merkezi,"61,48%","20,48%",87.244,29.057,141.902,175.489,,Halkalı Konsolidasyon Merkezi,0,0,0,0,28.983,68.834,21.743,11.027,0,11.315,0,0,0,0,0,0,0,0,0,0,0,0,0,0,141.902
Maltepe Konsolidasyon Merkezi,"78,62%","10,52%",133.774,17.906,170.156,217.777,,Maltepe Konsolidasyon Merkezi,0,0,4.442,30.656,76.406,43.427,15.225,0,0,0,0,0,0,0,0,0,0,0,0,0,0,0,0,0,170.156
Bursa MH,"79,33%","9,94%",118.770,14.879,149.724,162.802,,Bursa MH,12.713,0,0,5.928,26.121,86.254,14.222,0,0,0,0,0,0,0,0,0,0,0,0,0,0,4.486,0,0,149.724
Antalya MH,"10,73%","54,23%",6.399,32.356,59.664,183.913,,Antalya MH,0,2.048,0,0,5.606,0,0,0,40.671,11.339,0,0,0,0,0,0,0,0,0,0,0,0,0,0,59.664
Çayırova-Erguvan Transfer Merkezi,"30,09%","51,13%",37.908,64.415,125.983,129.235,,Çayırova-Erguvan Transfer Merkezi,11.068,0,0,0,5.981,0,16.617,40.738,35.800,6.687,0,0,0,0,0,0,0,0,6.004,0,0,3.088,0,0,125.983
Denizli MH,"8,71%","56,35%",7.479,48.383,85.861,190.820,,Denizli MH,0,2.208,0,0,6.545,0,0,0,58.995,18.113,0,0,0,0,0,0,0,0,0,0,0,0,0,0,85.861
,,,,,,,,Total,280.821,67.032,183.168,238.104,277.478,380.785,258.208,116.789,316.054,292.102,90.701,39.694,14.444,9.648,10.329,10.065,35.878,16.110,44.716,20.979,9.224,81.885,67.613,16.012,2.877.839
,,,,,,,,%,"9,76%","2,33%","6,36%","8,27%","9,64%","13,23%","8,97%","4,06%","10,98%","10,15%","3,15%","1,38%","0,50%","0,34%","0,36%","0,35%","1,25%","0,56%","1,55%","0,73%","0,32%","2,85%","2,35%","0,56%",
14,"58,91%","24,14%",360.405,147.673,611.833,712.267,,,,,,,,,,,,,,,,,,,,,,,,,,,
Ankara Kazan SC,"63,05%","20,27%",97.244,31.268,154.234,174.167,,,,,,,,,,,,,,,,,,,,,,,,,,,
Esenyurt SC ,"61,73%","23,88%",85.553,33.101,138.593,150.103,,,,,,,,,,,,,,,,,,,,,,,,,,,
Gebze SC,"61,79%","23,35%",57.989,21.913,93.852,99.826,,,,,,,,,,,,,,,,,,,,,,,,,,,
İkitelli-Defne Transfer Merkezi,"32,25%","42,37%",26.765,35.158,82.980,95.755,,,,,,,,,,,,,,,,,,,,,,,,,,,
Ayazağa Konsolidasyon Merkezi,"63,85%","17,83%",19.022,5.312,29.794,31.962,,,,,,,,,,,,,,,,,,,,,,,,,,,
Halkalı Konsolidasyon Merkezi,"72,57%","13,76%",20.802,3.944,28.666,31.319,,,,,,,,,,,,,,,,,,,,,,,,,,,
Maltepe Konsolidasyon Merkezi,"77,10%","12,17%",26.214,4.137,33.998,46.120,,,,,,,,,,,,,,,,,,,,,,,,,,,
Bursa MH,"71,94%","13,77%",25.176,4.820,34.995,38.268,,,,,,,,,,,,,,,,,,,,,,,,,,,
Antalya MH,"11,14%","54,48%",1.640,8.020,14.721,44.747,,,,,,,,,,,,,,,,,,,,,,,,,,,
Çayırova-Erguvan Transfer Merkezi,"58,28%","29,86%",13.332,6.832,22.877,23.259,,,,,,,,,,,,,,,,,,,,,,,,,,,
Denizli MH,"10,04%","57,43%",2.014,11.525,20.069,44.747,,,,,,,,,,,,,,,,,,,,,,,,,,,
15,"62,38%","22,49%",400.548,144.427,642.084,765.691,,,,,,,,,,,,,,,,,,,,,,,,,,,
Ankara Kazan SC,"72,12%","18,05%",124.167,31.079,172.179,189.709,,,,,,,,,,,,,,,,,,,,,,,,,,,
Esenyurt SC ,"63,66%","23,18%",85.670,31.199,134.580,140.123,,,,,,,,,,,,,,,,,,,,,,,,,,,
Gebze SC,"69,12%","17,18%",62.240,15.470,90.047,99.118,,,,,,,,,,,,,,,,,,,,,,,,,,,
İkitelli-Defne Transfer Merkezi,"35,58%","38,39%",30.926,33.367,86.919,89.936,,,,,,,,,,,,,,,,,,,,,,,,,,,
Ayazağa Konsolidasyon Merkezi,"71,44%","13,72%",21.141,4.060,29.592,41.691,,,,,,,,,,,,,,,,,,,,,,,,,,,
Halkalı Konsolidasyon Merkezi,"45,43%","31,35%",16.860,11.634,37.114,56.573,,,,,,,,,,,,,,,,,,,,,,,,,,,
Maltepe Konsolidasyon Merkezi,"71,71%","15,17%",28.341,5.995,39.520,63.092,,,,,,,,,,,,,,,,,,,,,,,,,,,
Bursa MH,"79,31%","10,45%",29.525,3.892,37.229,40.069,,,,,,,,,,,,,,,,,,,,,,,,,,,
Antalya MH,"11,26%","51,87%",1.678,7.731,14.904,45.380,,,,,,,,,,,,,,,,,,,,,,,,,,,
Çayırova-Erguvan Transfer Merkezi,"28,22%","53,13%",9.315,17.536,33.008,34.119,,,,,,,,,,,,,,,,,,,,,,,,,,,
Denizli MH,"9,19%","55,16%",1.894,11.366,20.605,45.380,,,,,,,,,,,,,,,,,,,,,,,,,,,
16,"60,96%","22,70%",382.291,142.371,627.105,706.103,,,,,,,,,,,,,,,,,,,,,,,,,,,
Ankara Kazan SC,"61,82%","22,22%",97.677,35.115,158.010,174.653,,,,,,,,,,,,,,,,,,,,,,,,,,,
Esenyurt SC ,"61,80%","24,27%",87.123,34.210,140.980,146.098,,,,,,,,,,,,,,,,,,,,,,,,,,,
Gebze SC,"58,33%","24,77%",55.033,23.370,94.352,101.896,,,,,,,,,,,,,,,,,,,,,,,,,,,
İkitelli-Defne Transfer Merkezi,"42,66%","32,92%",36.884,28.457,86.455,89.695,,,,,,,,,,,,,,,,,,,,,,,,,,,
Ayazağa Konsolidasyon Merkezi,"69,74%","15,18%",20.553,4.474,29.469,31.829,,,,,,,,,,,,,,,,,,,,,,,,,,,
Halkalı Konsolidasyon Merkezi,"81,13%","8,02%",22.415,2.216,27.630,30.930,,,,,,,,,,,,,,,,,,,,,,,,,,,
Maltepe Konsolidasyon Merkezi,"83,29%","7,13%",33.215,2.844,39.877,46.862,,,,,,,,,,,,,,,,,,,,,,,,,,,
Bursa MH,"77,02%","10,71%",27.358,3.803,35.519,38.597,,,,,,,,,,,,,,,,,,,,,,,,,,,
Antalya MH,"13,72%","53,21%",2.033,7.882,14.813,45.543,,,,,,,,,,,,,,,,,,,,,,,,,,,
Çayırova-Erguvan Transfer Merkezi,"36,19%","46,79%",10.446,13.507,28.865,29.465,,,,,,,,,,,,,,,,,,,,,,,,,,,
Denizli MH,"9,87%","56,16%",2.020,11.495,20.468,45.543,,,,,,,,,,,,,,,,,,,,,,,,,,,
17,"62,01%","21,64%",371.931,129.812,599.786,701.079,,,,,,,,,,,,,,,,,,,,,,,,,,,
Ankara Kazan SC,"69,82%","18,28%",113.013,29.580,161.855,178.962,,,,,,,,,,,,,,,,,,,,,,,,,,,
Esenyurt SC ,"68,63%","18,90%",80.322,22.124,117.039,127.061,,,,,,,,,,,,,,,,,,,,,,,,,,,
Gebze SC,"58,16%","23,38%",48.473,19.483,83.341,89.424,,,,,,,,,,,,,,,,,,,,,,,,,,,
İkitelli-Defne Transfer Merkezi,"44,10%","32,09%",37.511,27.297,85.064,98.009,,,,,,,,,,,,,,,,,,,,,,,,,,,
Ayazağa Konsolidasyon Merkezi,"55,85%","22,00%",17.652,6.953,31.604,38.083,,,,,,,,,,,,,,,,,,,,,,,,,,,
Halkalı Konsolidasyon Merkezi,"51,71%","26,06%",18.854,9.502,36.459,45.072,,,,,,,,,,,,,,,,,,,,,,,,,,,
Maltepe Konsolidasyon Merkezi,"74,32%","12,05%",28.769,4.663,38.712,46.855,,,,,,,,,,,,,,,,,,,,,,,,,,,
Bursa MH,"79,00%","10,22%",25.811,3.340,32.674,35.694,,,,,,,,,,,,,,,,,,,,,,,,,,,
Antalya MH,"11,70%","52,69%",1.526,6.870,13.038,41.919,,,,,,,,,,,,,,,,,,,,,,,,,,,
Çayırova-Erguvan Transfer Merkezi,"15,42%","62,18%",4.390,17.700,28.468,28.891,,,,,,,,,,,,,,,,,,,,,,,,,,,
Denizli MH,"10,06%","53,12%",1.926,10.166,19.139,41.919,,,,,,,,,,,,,,,,,,,,,,,,,,,
18,"71,96%","15,36%",306.072,65.332,425.330,473.540,,,,,,,,,,,,,,,,,,,,,,,,,,,
Ankara Kazan SC,"76,80%","14,36%",97.114,18.156,126.448,140.457,,,,,,,,,,,,,,,,,,,,,,,,,,,
Esenyurt SC ,"72,70%","13,17%",72.573,13.150,99.822,103.388,,,,,,,,,,,,,,,,,,,,,,,,,,,
Gebze SC,"69,54%","19,00%",39.052,10.671,56.160,60.264,,,,,,,,,,,,,,,,,,,,,,,,,,,
İkitelli-Defne Transfer Merkezi,"54,84%","25,86%",26.018,12.270,47.442,49.263,,,,,,,,,,,,,,,,,,,,,,,,,,,
Ayazağa Konsolidasyon Merkezi,"75,10%","11,23%",14.151,2.116,18.842,19.841,,,,,,,,,,,,,,,,,,,,,,,,,,,
Halkalı Konsolidasyon Merkezi,"68,37%","14,92%",13.536,2.954,19.798,20.509,,,,,,,,,,,,,,,,,,,,,,,,,,,
Maltepe Konsolidasyon Merkezi,"90,90%","4,19%",23.228,1.071,25.554,27.490,,,,,,,,,,,,,,,,,,,,,,,,,,,
Bursa MH,"87,13%","6,18%",19.225,1.363,22.065,24.135,,,,,,,,,,,,,,,,,,,,,,,,,,,
Antalya MH,"12,77%","38,93%",1.175,3.581,9.199,28.193,,,,,,,,,,,,,,,,,,,,,,,,,,,
Çayırova-Erguvan Transfer Merkezi,"43,50%","40,35%",9.532,8.842,21.912,22.824,,,,,,,,,,,,,,,,,,,,,,,,,,,
Denizli MH,"10,60%","47,56%",1.655,7.428,15.617,35.100,,,,,,,,,,,,,,,,,,,,,,,,,,,
,,,,,,,,,,,,,,,,,,,,,,,,,,,,,,,,,
Mayıs,"62,97%","18,28%",1.500.522,435.677,2.383.005,2.554.156,,İzmir Torbalı SC,23,0,1,2,3,4,5,6,7,8,9,10,11,12,13,14,15,16,17,18,19,20,21,22,total
Ankara Kazan SC,"66,86%","17,20%",422.749,108.737,632.324,706.304,,Ankara Kazan SC,,,,,,,,,,,,,,,,,,,,,,,,,0
Esenyurt SC ,"66,43%","15,26%",395.693,90.867,595.646,618.266,,Esenyurt SC ,,,,,,,,,,,,,,,,,,,,,,,,,0
Gebze SC,"59,75%","18,96%",233.901,74.207,391.480,419.405,,Gebze SC,,,,,,,,,,,,,,,,,,,,,,,,,0
İkitelli-Defne Transfer Merkezi,"40,30%","31,27%",120.417,93.432,298.765,311.910,,İkitelli-Defne Transfer Merkezi,,,,,,,,,,,,,,,,,,,,,,,,,0
Ayazağa Konsolidasyon Merkezi,"72,29%","12,18%",70.566,11.892,97.611,102.577,,Ayazağa Konsolidasyon Merkezi,,,,,,,,,,,,,,,,,,,,,,,,,0
Halkalı Konsolidasyon Merkezi,"52,11%","25,49%",51.442,25.169,98.726,102.718,,Halkalı Konsolidasyon Merkezi,,,,,,,,,,,,,,,,,,,,,,,,,0
Maltepe Konsolidasyon Merkezi,"83,39%","7,33%",115.058,10.118,137.972,148.057,,Maltepe Konsolidasyon Merkezi,,,,,,,,,,,,,,,,,,,,,,,,,0
Bursa MH,"69,51%","16,29%",90.696,21.255,130.481,144.919,,Bursa MH,,,,,,,,,,,,,,,,,,,,,,,,,0
,,,,,,,,Total,0,0,0,0,0,0,0,0,0,0,0,0,0,0,0,0,0,0,0,0,0,0,0,0,0
,,,,,,,,%,,,,,,,,,,,,,,,,,,,,,,,,,
19,"60,59%","21,34%",509.048,179.281,840.153,917.194,,,,,,,,,,,,,,,,,,,,,,,,,,,
Ankara Kazan SC,"70,92%","17,84%",152.958,38.484,215.688,234.199,,,,,,,,,,,,,,,,,,,,,,,,,,,
Esenyurt SC ,"64,43%","18,24%",130.136,36.837,201.978,208.105,,,,,,,,,,,,,,,,,,,,,,,,,,,
Gebze SC,"58,56%","22,68%",78.474,30.389,133.998,140.978,,,,,,,,,,,,,,,,,,,,,,,,,,,
İkitelli-Defne Transfer Merkezi,"35,99%","30,73%",38.948,33.256,108.214,112.110,,,,,,,,,,,,,,,,,,,,,,,,,,,
Ayazağa Konsolidasyon Merkezi,"64,31%","18,04%",22.689,6.363,35.279,36.992,,,,,,,,,,,,,,,,,,,,,,,,,,,
Halkalı Konsolidasyon Merkezi,"46,68%","31,16%",16.052,10.714,34.388,35.526,,,,,,,,,,,,,,,,,,,,,,,,,,,
Maltepe Konsolidasyon Merkezi,"83,62%","7,28%",41.796,3.639,49.984,53.197,,,,,,,,,,,,,,,,,,,,,,,,,,,
Bursa MH,"56,92%","25,60%",25.240,11.351,44.340,48.223,,,,,,,,,,,,,,,,,,,,,,,,,,,
Antalya MH,"16,92%","50,65%",2.755,8.248,16.284,47.864,,,,,,,,,,,,,,,,,,,,,,,,,,,
Çayırova-Erguvan Transfer Merkezi,"71,14%","18,75%",25.704,6.774,36.131,36.833,,,,,,,,,,,,,,,,,,,,,,,,,,,
Denizli MH,"14,88%","51,68%",3.108,10.796,20.891,47.864,,,,,,,,,,,,,,,,,,,,,,,,,,,
20,"60,40%","22,46%",462.449,171.946,765.707,855.831,,,,,,,,,,,,,,,,,,,,,,,,,,,
Ankara Kazan SC,"61,37%","23,15%",122.211,46.108,199.143,222.956,,,,,,,,,,,,,,,,,,,,,,,,,,,
Esenyurt SC ,"71,69%","16,51%",132.853,30.597,185.306,192.496,,,,,,,,,,,,,,,,,,,,,,,,,,,
Gebze SC,"55,66%","24,10%",69.764,30.210,125.336,134.444,,,,,,,,,,,,,,,,,,,,,,,,,,,
İkitelli-Defne Transfer Merkezi,"40,63%","34,78%",37.751,32.314,92.909,97.035,,,,,,,,,,,,,,,,,,,,,,,,,,,
Ayazağa Konsolidasyon Merkezi,"68,44%","13,16%",22.264,4.280,32.529,34.152,,,,,,,,,,,,,,,,,,,,,,,,,,,
Halkalı Konsolidasyon Merkezi,"47,93%","28,38%",14.529,8.603,30.311,31.644,,,,,,,,,,,,,,,,,,,,,,,,,,,
Maltepe Konsolidasyon Merkezi,"81,49%","8,17%",35.194,3.530,43.189,46.478,,,,,,,,,,,,,,,,,,,,,,,,,,,
Bursa MH,"64,20%","19,87%",25.782,7.981,40.157,44.809,,,,,,,,,,,,,,,,,,,,,,,,,,,
Antalya MH,"12,49%","49,46%",2.101,8.323,16.827,51.817,,,,,,,,,,,,,,,,,,,,,,,,,,,
Çayırova-Erguvan Transfer Merkezi,"31,29%","48,87%",11.749,18.349,37.549,38.188,,,,,,,,,,,,,,,,,,,,,,,,,,,
Denizli MH,"10,67%","52,71%",2.351,11.616,22.037,51.817,,,,,,,,,,,,,,,,,,,,,,,,,,,
21,"63,70%","15,67%",434.287,106.859,681.768,768.634,,,,,,,,,,,,,,,,,,,,,,,,,,,
Ankara Kazan SC,"66,57%","13,24%",119.023,23.677,178.791,202.781,,,,,,,,,,,,,,,,,,,,,,,,,,,
Esenyurt SC ,"61,48%","13,52%",106.640,23.447,173.449,180.513,,,,,,,,,,,,,,,,,,,,,,,,,,,
Gebze SC,"65,07%","12,99%",68.188,13.608,104.792,113.893,,,,,,,,,,,,,,,,,,,,,,,,,,,
İkitelli-Defne Transfer Merkezi,"42,65%","33,15%",36.003,27.981,84.406,88.384,,,,,,,,,,,,,,,,,,,,,,,,,,,
Ayazağa Konsolidasyon Merkezi,"86,03%","5,28%",20.354,1.249,23.658,24.967,,,,,,,,,,,,,,,,,,,,,,,,,,,
Halkalı Konsolidasyon Merkezi,"62,61%","21,59%",16.953,5.846,27.078,28.191,,,,,,,,,,,,,,,,,,,,,,,,,,,
Maltepe Konsolidasyon Merkezi,"83,65%","7,96%",30.978,2.948,37.035,39.929,,,,,,,,,,,,,,,,,,,,,,,,,,,
Bursa MH,"85,31%","5,23%",31.306,1.920,36.695,41.169,,,,,,,,,,,,,,,,,,,,,,,,,,,
Antalya MH,"30,52%","38,98%",4.842,6.183,15.864,48.807,,,,,,,,,,,,,,,,,,,,,,,,,,,
Çayırova-Erguvan Transfer Merkezi,"59,06%","23,79%",21.609,8.704,36.590,37.403,,,,,,,,,,,,,,,,,,,,,,,,,,,
Denizli MH,"36,78%","37,19%",7.465,7.550,20.299,48.807,,,,,,,,,,,,,,,,,,,,,,,,,,,
22,"73,60%","0,03%",118.694,49,161.275,186.394,,,,,,,,,,,,,,,,,,,,,,,,,,,
Ankara Kazan SC,"73,10%","0,05%",25.681,17,35.131,41.580,,,,,,,,,,,,,,,,,,,,,,,,,,,
Esenyurt SC ,"79,71%","0,02%",34.879,9,43.756,46.156,,,,,,,,,,,,,,,,,,,,,,,,,,,
Gebze SC,"63,88%","0,00%",17.475,0,27.354,30.090,,,,,,,,,,,,,,,,,,,,,,,,,,,
İkitelli-Defne Transfer Merkezi,"72,03%","0,03%",14.935,6,20.735,22.203,,,,,,,,,,,,,,,,,,,,,,,,,,,
Ayazağa Konsolidasyon Merkezi,"85,58%","0,00%",5.259,0,6.145,6.466,,,,,,,,,,,,,,,,,,,,,,,,,,,
Halkalı Konsolidasyon Merkezi,"56,24%","0,09%",3.908,6,6.949,7.357,,,,,,,,,,,,,,,,,,,,,,,,,,,
Maltepe Konsolidasyon Merkezi,"91,32%","0,01%",7.090,1,7.764,8.453,,,,,,,,,,,,,,,,,,,,,,,,,,,
Bursa MH,"90,09%","0,03%",8.368,3,9.289,10.718,,,,,,,,,,,,,,,,,,,,,,,,,,,
Antalya MH,"26,47%","0,17%",1.099,7,4.152,13.371,,,,,,,,,,,,,,,,,,,,,,,,,,,
Çayırova-Erguvan Transfer Merkezi,"56,11%","0,06%",5.999,6,10.691,10.944,,,,,,,,,,,,,,,,,,,,,,,,,,,
Denizli MH,"26,91%","0,13%",1.501,7,5.577,13.371,,,,,,,,,,,,,,,,,,,,,,,,,,,
23,"0,00%","0,00%",0,0,0,0,,,,,,,,,,,,,,,,,,,,,,,,,,,
Ankara Kazan SC,"0,00%","0,00%",0,0,0,0,,,,,,,,,,,,,,,,,,,,,,,,,,,
Esenyurt SC ,"0,00%","0,00%",0,0,0,0,,,,,,,,,,,,,,,,,,,,,,,,,,,
Gebze SC,"0,00%","0,00%",0,0,0,0,,,,,,,,,,,,,,,,,,,,,,,,,,,
İkitelli-Defne Transfer Merkezi,"0,00%","0,00%",0,0,0,0,,,,,,,,,,,,,,,,,,,,,,,,,,,
Ayazağa Konsolidasyon Merkezi,"0,00%","0,00%",0,0,0,0,,,,,,,,,,,,,,,,,,,,,,,,,,,
Halkalı Konsolidasyon Merkezi,"0,00%","0,00%",0,0,0,0,,,,,,,,,,,,,,,,,,,,,,,,,,,
Maltepe Konsolidasyon Merkezi,"0,00%","0,00%",0,0,0,0,,,,,,,,,,,,,,,,,,,,,,,,,,,
Bursa MH,"0,00%","0,00%",0,0,0,0,,,,,,,,,,,,,,,,,,,,,,,,,,,
Antalya MH,"0,00%","0,00%",0,0,0,0,,,,,,,,,,,,,,,,,,,,,,,,,,,
Çayırova-Erguvan Transfer Merkezi,"0,00%","0,00%",0,0,0,0,,,,,,,,,,,,,,,,,,,,,,,,,,,
Denizli MH,"0,00%","0,00%",0,0,0,0,,,,,,,,,,,,,,,,,,,,,,,,,,,
,,,,,,,,,,,,,,,,,,,,,,,,,,,,,,,,,
Haziran,"0,00%","0,00%",0,0,0,0,,İzmir Torbalı SC,23,0,1,2,3,4,5,6,7,8,9,10,11,12,13,14,15,16,17,18,19,20,21,22,total
Ankara Kazan SC,"0,00%","0,00%",,,,,,Ankara Kazan SC,,,,,,,,,,,,,,,,,,,,,,,,,0
Esenyurt SC ,"0,00%","0,00%",,,,,,Esenyurt SC ,,,,,,,,,,,,,,,,,,,,,,,,,0
Gebze SC,"0,00%","0,00%",,,,,,Gebze SC,,,,,,,,,,,,,,,,,,,,,,,,,0
İkitelli-Defne Transfer Merkezi,"0,00%","0,00%",,,,,,İkitelli-Defne Transfer Merkezi,,,,,,,,,,,,,,,,,,,,,,,,,0
Ayazağa Konsolidasyon Merkezi,"0,00%","0,00%",,,,,,Ayazağa Konsolidasyon Merkezi,,,,,,,,,,,,,,,,,,,,,,,,,0
Halkalı Konsolidasyon Merkezi,"0,00%","0,00%",,,,,,Halkalı Konsolidasyon Merkezi,,,,,,,,,,,,,,,,,,,,,,,,,0
Maltepe Konsolidasyon Merkezi,"0,00%","0,00%",,,,,,Maltepe Konsolidasyon Merkezi,,,,,,,,,,,,,,,,,,,,,,,,,0
Bursa MH,"0,00%","0,00%",,,,,,Bursa MH,,,,,,,,,,,,,,,,,,,,,,,,,0
,,,,,,,,Total,0,0,0,0,0,0,0,0,0,0,0,0,0,0,0,0,0,0,0,0,0,0,0,0,0
,,,,,,,,%,,,,,,,,,,,,,,,,,,,,,,,,,
,,,,,,,,,,,,,,,,,,,,,,,,,,,,,,,,,
Temmuz,"0,00%","0,00%",0,0,0,0,,İzmir Torbalı SC,23,0,1,2,3,4,5,6,7,8,9,10,11,12,13,14,15,16,17,18,19,20,21,22,total
Ankara Kazan SC,"0,00%","0,00%",,,,,,Ankara Kazan SC,,,,,,,,,,,,,,,,,,,,,,,,,0
Esenyurt SC ,"0,00%","0,00%",,,,,,Esenyurt SC ,,,,,,,,,,,,,,,,,,,,,,,,,0
Gebze SC,"0,00%","0,00%",,,,,,Gebze SC,,,,,,,,,,,,,,,,,,,,,,,,,0
İkitelli-Defne Transfer Merkezi,"0,00%","0,00%",,,,,,İkitelli-Defne Transfer Merkezi,,,,,,,,,,,,,,,,,,,,,,,,,0
Ayazağa Konsolidasyon Merkezi,"0,00%","0,00%",,,,,,Ayazağa Konsolidasyon Merkezi,,,,,,,,,,,,,,,,,,,,,,,,,0
Halkalı Konsolidasyon Merkezi,"0,00%","0,00%",,,,,,Halkalı Konsolidasyon Merkezi,,,,,,,,,,,,,,,,,,,,,,,,,0
Maltepe Konsolidasyon Merkezi,"0,00%","0,00%",,,,,,Maltepe Konsolidasyon Merkezi,,,,,,,,,,,,,,,,,,,,,,,,,0
Bursa MH,"0,00%","0,00%",,,,,,Bursa MH,,,,,,,,,,,,,,,,,,,,,,,,,0
,,,,,,,,Total,0,0,0,0,0,0,0,0,0,0,0,0,0,0,0,0,0,0,0,0,0,0,0,0,0
,,,,,,,,%,,,,,,,,,,,,,,,,,,,,,,,,,